"#","Scope","Type","Question","deprecated","correct_query"
"1","application","Analytical","which is the most used application ?","no","SELECT app_name, COUNT(*) AS count FROM unum_askskan.events_delta_tb WHERE event_date >= '2023-04-01' AND event_date <= '2023-04-30' GROUP BY app_name ORDER BY count DESC LIMIT 1"
"2","application","Analytical","which is the least used application?","no","SELECT app_name, COUNT(*) AS count FROM unum_askskan.events_delta_tb WHERE event_date >= '2023-04-01' AND event_date <= '2023-04-30' GROUP BY app_name ORDER BY count ASC LIMIT 1"
"3","application","Analytical","which is the most used  application by the user which is not used for business oprtation?","no","SELECT app_name, COUNT(*) AS count FROM unum_askskan.events_delta_tb WHERE agent_type = 0 AND app_name IS NOT NULL AND event_date >= '2023-04-01' AND event_date <= '2023-04-30' GROUP BY app_name ORDER BY count DESC LIMIT 1"
"4","application","Analytical","which is the least used business application?","no","SELECT app_name, COUNT(*) AS count FROM unum_askskan.events_delta_tb WHERE agent_type != 0 AND app_name IS NOT NULL AND event_date >= '2023-04-01' AND event_date <= '2023-04-30' GROUP BY app_name ORDER BY count ASC LIMIT 1"
"5","application","Analytical","which is the most used type of application","no","SELECT application_type ,COUNT(*) FROM (SELECT  CASE  WHEN agent_type = 0 THEN 'Non-process applications'        WHEN agent_type = 2 THEN 'Desktop or native applications'        WHEN agent_type IN (3,4,5,6,7,8) THEN 'Browser-based applications'        WHEN agent_type = 9 THEN 'Java-based applications'     WHEN agent_type IN (10,11) THEN 'Mainframe applications'    WHEN agent_type >= 100 THEN 'Web extension-based applications'    END as application_type  FROM  unum_askskan.events_delta_tb WHERE    event_date>= '2023-04-01' AND event_date<='2023-04-30') GROUP BY application_type ORDER BY COUNT(*) DESC LIMIT 1"
"6","application","Analytical","which is the least used type of application?","no","SELECT application_type ,COUNT(*) FROM (SELECT  CASE  WHEN agent_type = 0 THEN 'Non-process applications'        WHEN agent_type = 2 THEN 'Desktop or native applications'        WHEN agent_type IN (3,4,5,6,7,8) THEN 'Browser-based applications'        WHEN agent_type = 9 THEN 'Java-based applications'     WHEN agent_type IN (10,11) THEN 'Mainframe applications'    WHEN agent_type >= 100 THEN 'Web extension-based applications'    END as application_type  FROM  unum_askskan.events_delta_tb WHERE    event_date>= '2023-04-01' AND event_date<='2023-04-30') GROUP BY application_type ORDER BY COUNT(*) ASC LIMIT 1"
"7","clipboard","Analytical","which participant has the highest use of clipboard ","no","SELECT participant_name, SUM(clipboard) as count from unum.data Where event_date>='2023-04-01' and event_date<='2023-04-30'             GROUP BY participant_name ORDER BY count DESC LIMIT 1"
"8","clipboard","Analytical","which participant has the least use of clipboard ","no","SELECT participant_name, SUM(clipboard) as count from unum.data Where event_date>='2023-04-01' and event_date<='2023-04-30'             GROUP BY participant_name ORDER BY count ASC LIMIT 1"
"9","application","Analytical","which persona has highest numbers of applications","no","SELECT persona_name, COUNT(DISTINCT app_name) AS count FROM unum_askskan.events_delta_tb WHERE event_date >= '2023-04-01' AND event_date <= '2023-04-30' GROUP BY persona_name ORDER BY count DESC LIMIT 1"
"10","application","Analytical","which persona has least numbers of applications","no","SELECT persona_name, COUNT(DISTINCT app_name) AS app_count FROM unum_askskan.events_delta_tb WHERE event_date >= '2023-04-01' AND event_date <= '2023-04-30' GROUP BY persona_name ORDER BY app_count ASC LIMIT 1"
"11","event","Analytical","which participant has the highest events","no","SELECT participant_name, COUNT(*) AS count FROM unum_askskan.events_delta_tb WHERE event_date >= '2023-04-01' AND             event_date <= '2023-04-30' GROUP BY participant_name ORDER BY count DESC LIMIT 1"
"12","event","Analytical","which participant has the least events","no","SELECT participant_name, COUNT(*) AS count FROM unum_askskan.events_delta_tb WHERE event_date >= '2023-04-01' AND event_date <= '2023-04-30' GROUP BY participant_name ORDER BY count ASC LIMIT 1"
"13","event","Analytical","which persona has the highest events","no","SELECT persona_name, COUNT(*) AS count FROM unum_askskan.events_delta_tb WHERE event_date >= '2023-04-01' AND event_date <= '2023-04-30' GROUP BY persona_name ORDER BY count DESC LIMIT 1"
"14","event","Analytical","which persona has the least events","no","SELECT persona_name, COUNT(*) AS count FROM unum_askskan.events_delta_tb WHERE event_date >= '2023-04-01' AND event_date <= '2023-04-30' GROUP BY persona_name ORDER BY count ASC LIMIT 1"
"15","event","Analytical","which hour of the day has the highest events","no","SELECT SUBSTRING(event_time,12,2) AS hour, COUNT(*) AS count FROM unum_askskan.events_delta_tb WHERE event_date >= '2023-04-01' AND event_date <= '2023-04-30' GROUP BY hour ORDER BY count DESC LIMIT 1"
"16","event","Analytical","which hour of the day has the highest events for a <specific persona>","yes","not_evaluated"
"17","event","Analytical","which hour of the day has the least events","no","SELECT SUBSTRING(event_time, 12, 2) AS hour, COUNT(*) AS count FROM unum_askskan.events_delta_tb WHERE event_date >= '2023-04-01' AND event_date <= '2023-04-30' GROUP BY hour ORDER BY count ASC LIMIT 1"
"18","event","Analytical","which hour of the day has the least events for a <specific persona>","yes","not_evaluated"
"19","event","Analytical","which day of the week has the highest events","no","SELECT DATE_FORMAT(event_date, '%W') AS day_of_week, COUNT(*) AS count FROM unum_askskan.events_delta_tb WHERE event_date >= '2023-04-01' AND event_date <= '2023-04-30' GROUP BY day_of_week ORDER BY count DESC LIMIT 1"
"20","event","Analytical","which day of the week has the least events","no","SELECT DATE_FORMAT(event_date, '%W') AS day_of_week, COUNT(*) AS count FROM unum_askskan.events_delta_tb WHERE event_date >= '2023-04-01' AND event_date <= '2023-04-30' GROUP BY day_of_week ORDER BY count ASC LIMIT 1"
"21","event","Analytical","which day of the week has the highest events  for a <specific persona>","yes","not_evaluated"
"22","event","Analytical","which day of the week has the least events  for a <specific persona>","yes","not_evaluated"
"23","event","Analytical","what is the average numbers of events in a day","no","SELECT COUNT(event_id)/COUNT(DISTINCT event_date) as average_events AS avg_events_per_day FROM unum_askskan.events_delta_tb WHERE event_date >= '2023-04-01'             AND event_date <= '2023-04-30' LIMIT 1"
"24","event","Analytical","what is the average numbers of events in a day for a <specific persona>","yes","not_evaluated"
"25","application","Analytical","What is the total time spent on process applications ?","no","SELECT SUM(tat_event) AS total_time FROM unum_askskan.events_delta_tb WHERE agent_type != 0 AND event_date >= '2023-04-01' AND event_date <= '2023-04-30' LIMIT 1"
"26","application","Analytical","What is the total time spent on non process applications ?","no","SELECT SUM(tat_event) AS total_time FROM unum_askskan.events_delta_tb WHERE agent_type = 0 AND event_date >= '2023-04-01' AND event_date <= '2023-04-30' LIMIT 1"
"27","application","Analytical","What is the total time spent on process applications for a <specific persona>?","yes","not_evaluated"
"28","application","Analytical","What is the total time spent on non process applications  for a <specific persona>?","yes","not_evaluated"
"29","application","Analytical","What is the average time spent in non process applications per day","no","SELECT SUM(tat_event)/COUNT(DISTINCT event_date) AS avg_time_per_day FROM unum_askskan.events_delta_tb WHERE agent_type==0 AND event_date >= '2023-04-01' AND event_date <= '2023-04-30' LIMIT 1"
"30","application","Analytical","What is the average time spent in process applications per day","no","SELECT SUM(tat_event)/COUNT(DISTINCT event_date) AS avg_time_per_day FROM unum_askskan.events_delta_tb WHERE agent_type!=0 AND event_date >= '2023-04-01' AND event_date <= '2023-04-30' LIMIT 1"
"31","application","Analytical","What is the average time spent in non process applications per day  for a <specific persona>?","yes","not_evaluated"
"32","application","Analytical","What is the average time spent in process applications per day  for a <specific persona>?","yes","not_evaluated"
"33","case","Analytical","What is the total cases in a persona?","yes","not_evaluated"
"34","case","Analytical","What is the average case effort per persona","yes","not_evaluated"
"35","case","Analytical","What is the total cases in a persona?","no","SELECT COUNT(DISTINCT case_id_value) AS total_cases FROM unum_askskan.events_delta_tb WHERE persona_name IS NOT NULL AND event_date >= '2023-04-01' AND event_date <= '2023-04-30' LIMIT 1"
"36","processing time","Analytical","Which participant has the least total processing time?","no","SELECT participant_name, SUM(processing_time) AS total_processing_time FROM unum_askskan.events_delta_tb WHERE event_date >= '2023-04-01' AND event_date <= '2023-04-30' GROUP BY participant_name ORDER BY total_processing_time ASC LIMIT 1"
"37","processing time","Analytical","Which participant has the highest total processing time?","no","SELECT participant_name, SUM(processing_time) as total_processing_time FROM unum_askskan.events_delta_tb WHERE event_date >= '2023-04-01' AND event_date <= '2023-04-30' GROUP BY participant_name ORDER BY total_processing_time DESC LIMIT 1"
"38","processing time","Analytical","Which participant has the highest average processing time per case?","no","SELECT participant_name as participant, SUM(processing_time)/count(DISTINCT case_id_value) AS avg_processing_per_case FROM unum_askskan.events_delta_tb WHERE event_date >= '2023-04-01' AND event_date <= '2023-04-30' GROUP BY participant ORDER BY avg_processing_per_case DESC LIMIT 1"
"39","processing time","Analytical","Which participant has the least average processing time per case?","no","SELECT participant_name as participant,SUM(processing_time)/count(DISTINCT case_id_value)  AS avg_processing_per_case FROM unum_askskan.events_delta_tb WHERE event_date >= '2023-04-01' AND event_date <= '2023-04-30' GROUP BY participant ORDER BY avg_processing_per_case LIMIT ASC 1"
"40","processing time","Analytical","Which persona has the least total processing time?","no","SELECT persona_name, SUM(processing_time) AS total_processing_time FROM unum_askskan.events_delta_tb WHERE event_date >= '2023-04-01' AND event_date <= '2023-04-30' GROUP BY persona_name ORDER BY total_processing_time ASC LIMIT 1"
"41","processing time","Analytical","Which persona has the highest total processing time?","no","SELECT persona_name, SUM(processing_time) AS total_processing_time FROM unum_askskan.events_delta_tb WHERE event_date >= '2023-04-01' AND event_date <= '2023-04-30' GROUP BY persona_name ORDER BY total_processing_time DESC LIMIT 1"
"42","case","Analytical","Which participant has the highest total case touches","no","SELECT participant_name, COUNT(DISTINCT case_id_value) AS case_touch FROM unum_askskan.events_delta_tb WHERE event_date >= '2023-04-01'             AND event_date <= '2023-04-30' GROUP BY participant_name ORDER BY case_touch DESC LIMIT 1"
"43","case","Analytical","Which participant has the least total case touches","no","SELECT participant_name, COUNT(DISTINCT case_id_value) AS case_touches FROM unum_askskan.events_delta_tb WHERE event_date >= '2023-04-01' AND event_date <= '2023-04-30' GROUP BY participant_name ORDER BY case_touches ASC LIMIT 1"
"44","activity","Descriptive","Which is the most common activity?","no","SELECT activity_id, COUNT(*) AS count FROM unum_askskan.events_delta_tb WHERE event_date >= '2023-04-01' AND event_date <= '2023-04-30' GROUP BY activity_id ORDER BY count DESC LIMIT 1"
"45","activity","Analytical","Which is the most common activity in a <specific persona>?","yes","not_evaluated"
"46","activity","Analytical","Which is the least common activity?","no","SELECT activity_id, COUNT(*) AS count FROM unum_askskan.events_delta_tb WHERE event_date >= '2023-04-01' AND event_date <= '2023-04-30' GROUP BY activity_id ORDER BY count ASC LIMIT 1"
"47","mouse ","Descriptive","Is mouse Scroll is used commonly","no","SELECT SUM(mouse_wheel) AS total_scroll FROM unum_askskan.events_delta_tb WHERE event_date >= '2023-04-01' AND event_date <= '2023-04-30' LIMIT 1"
"48","activity","Insightful","Which is the most common sequence of 4 activities?","no","SELECT activity_id, COUNT(*) AS count FROM unum_askskan.events_delta_tb WHERE event_date >= '2023-04-01' AND event_date <= '2023-04-30' GROUP BY activity_id HAVING COUNT(*) = 4 ORDER BY count DESC LIMIT 1"
"49","case","Analytical","What is the average cases per day worked on?","no","SELECT COUNT(DISTINCT case_id_value)/COUNT(DISTINCT event_date) AS avg_cases_per_day FROM unum_askskan.events_delta_tb WHERE event_date >= '2023-04-01' AND event_date <= '2023-04-30' LIMIT 1"
"50","case","Analytical","What is the average cases per day worked on in a <specific persona>?","yes","not_evaluated"
"51","idle time","Analytical","Which participant has the highest total idle time?","no","SELECT participant_name, SUM(idle_time) AS total_idle_time FROM unum_askskan.events_delta_tb WHERE event_date >= '2023-04-01' AND event_date <= '2023-04-30' GROUP BY participant_name ORDER BY total_idle_time DESC LIMIT 1"
"52","idle time","Analytical","Which participant has the least total Idle time ?","no","SELECT participant_name, SUM(idle_time) AS total_idle_time FROM unum_askskan.events_delta_tb WHERE event_date >= '2023-04-01' AND event_date <= '2023-04-30' GROUP BY participant_name ORDER BY total_idle_time ASC LIMIT 1"
"53","idle time","Analytical","Which persona has the highest total idle time?","no","SELECT persona_name, SUM(idle_time) AS total_idle_time FROM unum_askskan.events_delta_tb WHERE event_date >= '2023-04-01' AND event_date <= '2023-04-30' GROUP BY persona_name ORDER BY total_idle_time DESC LIMIT 1"
"54","idle time","Analytical","Which persona has the least total Idle time ?","no","SELECT persona_name, SUM(idle_time) AS total_idle_time FROM unum_askskan.events_delta_tb WHERE event_date >= '2023-04-01' AND event_date <= '2023-04-30' GROUP BY persona_name ORDER BY total_idle_time ASC LIMIT 1"
"55","wait time","Analytical","Which participant has the least total wait time ?","no","SELECT participant_name, SUM(wait_time) AS total_wait_time FROM unum_askskan.events_delta_tb WHERE event_date >= '2023-04-01' AND event_date <= '2023-04-30' GROUP BY participant_name ORDER BY total_wait_time ASC LIMIT 1"
"56","wait time","Analytical","Which persona has the highest total wait time?","no","SELECT persona_name, SUM(wait_time) AS total_wait_time FROM unum_askskan.events_delta_tb WHERE event_date >= '2023-04-01' AND event_date <= '2023-04-30' GROUP BY persona_name ORDER BY total_wait_time DESC LIMIT 1"
"57","wait time","Analytical","Which persona has the least total wait time?","no","SELECT persona_name, SUM(wait_time) AS total_wait_time FROM unum_askskan.events_delta_tb WHERE event_date >= '2023-04-01' AND event_date <= '2023-04-30' GROUP BY persona_id ORDER BY total_wait_time ASC LIMIT 1"
"58","application","Descriptive","Which persona has the highest count of application switch ?","no","SELECT persona_name, SUM(CAST(app_switch AS INT)) AS count FROM unum_askskan.events_delta_tb WHERE event_date >= '2023-04-01' AND event_date <= '2023-04-30' GROUP BY persona_name ORDER BY count DESC LIMIT 1"
"59","application","Descriptive","Which persona has the least count of application switch ?","no","SELECT persona_name, COUNT(*) AS count FROM unum_askskan.events_delta_tb WHERE app_switch = 'TRUE' AND event_date >= '2023-04-01' AND event_date <= '2023-04-30' GROUP BY persona_name ORDER BY count ASC LIMIT 1"
"60","activity abstraction","Descriptive","Which is the most common activity abstraction?","no","SELECT activity_abstraction_level_id, COUNT(*) AS count FROM unum_askskan.events_delta_tb WHERE event_date >= '2023-04-01' AND event_date <= '2023-04-30' GROUP BY activity_abstraction_level_id ORDER BY count DESC LIMIT 1"
"61","activity abstraction","Descriptive","Which is the most common activity abstraction in a <specific persona>?","yes","not_evaluated"
"62","activity abstraction","Descriptive","Which is the least common activity abstraction?","no","SELECT activity_abstraction_level_name, COUNT(*) AS count FROM unum_askskan.events_delta_tb WHERE event_date >= '2023-04-01' AND event_date <= '2023-04-30' GROUP BY activity_abstraction_level_name ORDER BY count ASC LIMIT 1"
"63","activity abstraction","Descriptive","Which is the most common sequence of 4 activitie abstraction?","yes","not_evaluated"
"64","activity abstraction","Analytical","Which is the activity abstraction with most events ?","no","SELECT activity_abstraction_level_name, COUNT(*) AS count FROM unum_askskan.events_delta_tb WHERE event_date >= '2023-04-01' AND event_date <= '2023-04-30' GROUP BY activity_abstraction_level_name ORDER BY count DESC LIMIT 1"
"65","activity abstraction","Analytical","Which is the activity abstraction with least events ?","no","SELECT activity_abstraction_level_name, COUNT(*) AS count FROM unum_askskan.events_delta_tb WHERE event_date >= '2023-04-01' AND event_date <= '2023-04-30' GROUP BY activity_abstraction_level_name ORDER BY count LIMIT 1"
"66","case","Analytical","Which persona has the highest count of case switch ?","no","SELECT persona_name, SUM(CAST(case_switch AS INT)) AS count FROM unum_askskan.events_delta_tb WHERE event_date >= '2023-04-01' AND event_date <= '2023-04-30' GROUP BY persona_name ORDER BY count DESC LIMIT 1"
"67","case","Analytical","Which particiant has the highest count of case switch ?","no","SELECT participant_name, SUM(CAST(case_switch AS INT)) AS count FROM unum_askskan.events_delta_tb WHERE event_date >= '2023-04-01' AND event_date <= '2023-04-30' GROUP BY participant_name ORDER BY count DESC LIMIT 1"
"68","case","Analytical","What is the average case switch for  a <specific persona>? ","yes","not_evaluated"
"69","application","Analytical","which application has the highest count of unique titles ?","no","SELECT app_name, COUNT(DISTINCT title) AS count FROM unum_askskan.events_delta_tb WHERE app_name IS NOT NULL AND event_date >= '2023-04-01' AND event_date <= '2023-04-30' GROUP BY app_name ORDER BY count DESC LIMIT 1"
"70","keyboard","Analytical","Which application has the most key press ?","no","SELECT app_name, SUM(number_key_count + navigation_key_count + alpha_key_count) AS key_press_count FROM unum_askskan.events_delta_tb WHERE event_date >= '2023-04-01' AND event_date <= '2023-04-30' GROUP BY app_name ORDER BY key_press_count DESC LIMIT 1"
"71","mouse","Analytical","Which application has the most mouse clicks ?","no","SELECT app_name, SUM(mouse_count) AS count FROM unum_askskan.events_delta_tb WHERE event_date >= '2023-04-01' AND event_date <= '2023-04-30' GROUP BY app_name ORDER BY count DESC LIMIT 1"
"72","participant","Analytical","Which participant has the highest total average daily utilization?","no","SELECT participant_name, SUM(tat_event)/COUNT(DISTINCT event_date) AS avg_daily_utilization FROM unum_askskan.events_delta_tb WHERE event_date >= '2023-04-01' AND event_date <= '2023-04-30' GROUP BY participant_name ORDER BY avg_daily_utilization DESC LIMIT 1"
"73","participant","Analytical","Which participant has the lowset total average daily utilization?","no","SELECT participant_name, SUM(tat_event)/(COUNT(DISTINCT event_date)) AS avg_daily_utilization FROM unum_askskan.events_delta_tb WHERE event_date >= '2023-04-01' AND event_date <= '2023-04-30' GROUP BY participant_name ORDER BY avg_daily_utilization ASC LIMIT 1"
"74","participant","Analytical","Which participant has the highest average daily utilization in process applications?","no","SELECT participant_name, SUM(tat_event)/COUNT(DISTINCT event_date) AS avg_daily_utilization FROM unum_askskan.events_delta_tb WHERE agent_type != 0 AND event_date >= '2023-04-01' AND event_date <= '2023-04-30' GROUP BY participant_name ORDER BY avg_daily_utilization DESC LIMIT 1"
"75","participant","Analytical","Which participant has the highest average daily utilization in non process applications?","no","SELECT participant_name, SUM(tat_event)/COUNT(DISTINCT event_date) AS avg_daily_utilization FROM unum_askskan.events_delta_tb WHERE agent_type=0 AND event_date >= '2023-04-01' AND event_date <= '2023-04-30' GROUP BY participant_name ORDER BY avg_daily_utilization DESC LIMIT 1"
"76","utilization","Analytical","What is the average daily utilization in process applications, across all participants?","no","SELECT SUM(tat_event)/COUNT(DISTINCT event_date) AS avg_daily_utilization FROM unum_askskan.events_delta_tb WHERE agent_type != 0 AND event_date >= '2023-04-01' AND event_date <= '2023-04-30' LIMIT 1"
"77","utilization","Analytical","What is the average daily utilization in nonprocess applications, across all participants?","no","SELECT SUM(tat_event)/COUNT(DISTINCT event_date) AS avg_utilization FROM unum_askskan.events_delta_tb WHERE agent_type = 0 AND event_date >= '2023-04-01' AND event_date <= '2023-04-30' LIMIT 1"
"78","utilization","Analytical","Which participant has the least average daily utilization in process applications?","no","SELECT participant_name, SUM(tat_event)/COUNT(DISTINCT event_date)AS avg_daily_utilization FROM unum_askskan.events_delta_tb WHERE agent_type != 0 AND event_date >= '2023-04-01' AND event_date <= '2023-04-30' GROUP BY participant_name ORDER BY avg_daily_utilization LIMIT 1"
"79","utilization","Analytical","Which participant has the least average daily utilization in non process applications?","no","SELECT participant_name, SUM(tat_event)/(COUNT(DISTINCT event_date)) AS avg_daily_utilization FROM unum_askskan.events_delta_tb WHERE agent_type=0 AND event_date>='2023-04-01' AND event_date<='2023-04-30' GROUP BY participant_name ORDER BY avg_daily_utilization ASC LIMIT 1"
"80","application","Descriptive","Which are the most used top 3 applications ?","no","SELECT app_name, COUNT(*) AS count FROM unum_askskan.events_delta_tb WHERE event_date >= '2023-04-01' AND event_date <= '2023-04-30' AND app_name IS NOT NULL GROUP BY app_name ORDER BY count DESC LIMIT 3"
"81","application","Analytical","Which are the applications common across personas ?","no","SELECT app_name ,COUNT(DISTINCT persona_name)FROM unum_askskan.events_delta_tb WHERE app_name IS NOT NULL AND event_date >= '2023-04-01' AND event_date <= '2023-04-30' GROUP BY app_name ORDER BY COUNT(DISTINCT persona_name) DESC LIMIT 10"
"82","application","Analytical","Which are most sequence of applications used ?","no","SELECT app_name, COUNT(*) AS count FROM unum_askskan.events_delta_tb WHERE app_name IS NOT NULL AND event_date >= '2023-04-01' AND event_date <= '2023-04-30' GROUP BY app_name ORDER BY count DESC LIMIT 10"
"83","application","Analytical","Which is most common browser used ?","yes","not_evaluated"
"84","application","Analytical","Which is most used desktop application  ?","no","SELECT app_name, COUNT(*) AS count FROM unum_askskan.events_delta_tb WHERE agent_type = 2 AND app_name IS NOT NULL AND event_date >= '2023-04-01' AND event_date <= '2023-04-30' GROUP BY app_name ORDER BY count DESC LIMIT 1"
"85","application","Analytical","Is there any mainframe application in this <specific persona>  ?","yes","not_evaluated"
"86","event","Analytical","When is first  event for the day for a <specific persona>  ?","yes","not_evaluated"
"87","event","Analytical","When is last  event for the day for a <specific persona>  ?","yes","not_evaluated"
"88","participant","Analytical","Which pariticpant has worked most days in this month ?","no","SELECT participant_name, COUNT(DISTINCT event_date) AS work_days FROM unum_askskan.events_delta_tb WHERE event_date >= '2023-04-01' AND event_date <= '2023-04-30' GROUP BY participant_name ORDER BY work_days DESC LIMIT 1"
"89","participant","Descriptive","Which pariticpant was on leave most days in this month ?","no","SELECT participant_name, COUNT(DISTINCT event_date) AS leave_days FROM unum_askskan.events_delta_tb WHERE event_date >= '2023-04-01'             AND event_date <= '2023-04-30' GROUP BY participant_name ORDER BY leave_days ASC LIMIT 1"
"90","case","Insightful","How many cases are we likely to close this week in a <specific persona>  ?","yes","not_evaluated"
"91","participant","Insightful","Which participant will work on the highest count of case this week for a <specific persona> ?","yes","not_evaluated"
"92","application","Insightful","Which will be the most used application next month ?","yes","not_evaluated"
"93","application","Analytical","How many users use this <specific application> ?","yes","not_evaluated"
"94","user","Analytical","what is the average count of users on leave in a <specific persona>","yes","not_evaluated"
"95","participant","Descriptive","Which hour of the day is this <specific participant> most productive ?","yes","not_evaluated"
"96","participant","Descriptive","Which hour of the day is this <specific participant> least productive ?","yes","not_evaluated"
"97","participant","Descriptive","Which day of the week is this <specific participant> least productive ?","yes","not_evaluated"
"98","participant","Descriptive","Which day of the week is this <specific participant> most productive ?","yes","not_evaluated"
"99","participant","Descriptive","which are the participants who work on multiple persona?","no","SELECT participant_name FROM unum_askskan.events_delta_tb WHERE event_date >= '2023-04-01' AND event_date <= '2023-04-30'             GROUP BY participant_name HAVING COUNT(DISTINCT persona_name) > 1 LIMIT 10"
"100","activities","Analytical","Which application has most activities named by a Human in the loop ?","yes","not_evaluated"
"1000","event","Analytical","which hour of the day has the highest events for this LES persona","no","SELECT SUBSTRING(event_time, 12, 2) AS hour, COUNT(*) AS count FROM unum_askskan.events_delta_tb WHERE persona_name = 'LES' AND event_date >= '2023-04-01' AND event_date <= '2023-04-30' GROUP BY hour ORDER BY count DESC LIMIT 1"
"1001","event","Analytical","which hour of the day has the highest events for this CES persona","no","SELECT SUBSTRING(event_time, 12, 2) AS hour, COUNT(*) AS count FROM unum_askskan.events_delta_tb WHERE persona_name = 'CES' AND event_date >= '2023-04-01' AND event_date <= '2023-04-30' GROUP BY SUBSTRING(event_time, 12, 2) ORDER BY count DESC LIMIT 1"
"1002","event","Analytical","which hour of the day has the highest events for this Do Not Use persona","no","SELECT SUBSTRING(event_time,12,2) AS hour, COUNT(*) AS count FROM unum_askskan.events_delta_tb WHERE persona_name = 'Do Not Use' AND event_date >= '2023-04-01' AND event_date <= '2023-04-30' GROUP BY hour ORDER BY count DESC LIMIT 1"
"1003","event","Analytical","which hour of the day has the highest events for this TEST persona","no","SELECT SUBSTRING(event_time, 12, 2) as hour, COUNT(*) as count FROM unum_askskan.events_delta_tb WHERE persona_name = 'TEST' AND             event_date >= '2023-04-01' AND event_date <= '2023-04-30' GROUP BY hour ORDER BY count DESC LIMIT 1"
"1004","event","Analytical","which hour of the day has the least events for this LES persona","no","SELECT SUBSTRING(event_time,12,2) as hour, COUNT(*) AS count FROM unum_askskan.events_delta_tb WHERE persona_name = 'LES' AND event_date >= '2023-04-01' AND event_date <= '2023-04-30' GROUP BY hour ORDER BY count LIMIT 1"
"1005","event","Analytical","which hour of the day has the least events for this CES persona","no","SELECT SUBSTRING(event_time, 12, 2) AS hour, COUNT(*) AS count FROM unum_askskan.events_delta_tb WHERE persona_name = 'CES' AND event_date >= '2023-04-01' AND event_date <= '2023-04-30' GROUP BY hour ORDER BY count ASC LIMIT 1"
"1006","event","Analytical","which hour of the day has the least events for this Do Not Use persona","no","SELECT SUBSTRING(event_time, 12, 2) AS hour, COUNT(*) AS count FROM unum_askskan.events_delta_tb WHERE event_date >= '2023-04-01' AND event_date <= '2023-04-30' AND persona_name = 'Do Not Use' GROUP BY hour ORDER BY count ASC LIMIT 1"
"1007","event","Analytical","which hour of the day has the least events for this TEST persona","no","SELECT SUBSTRING(event_time, 12, 2) AS hour, COUNT(*) AS count FROM unum_askskan.events_delta_tb WHERE event_date >= '2023-04-01' AND event_date <= '2023-04-30' AND persona_name = 'TEST' GROUP BY hour ORDER BY count ASC LIMIT 1"
"1008","event","Analytical","which day of the week has the highest events  for this LES persona","no","SELECT date_format(event_date, 'EEEE') AS day_of_week, COUNT(*) AS count FROM unum_askskan.events_delta_tb WHERE persona_name = 'LES' AND event_date >= '2023-04-01' AND event_date <= '2023-04-30' GROUP BY day_of_week ORDER BY count DESC LIMIT 1"
"1009","event","Analytical","which day of the week has the highest events  for this CES persona","no","SELECT date_format(event_date, 'EEEE') AS day_of_week, COUNT(*) AS count FROM unum_askskan.events_delta_tb WHERE persona_name = 'CES' AND event_date >= '2023-04-01' AND event_date <= '2023-04-30' GROUP BY day_of_week ORDER BY count DESC LIMIT 1"
"1010","event","Analytical","which day of the week has the highest events  for this Do Not Use persona","no","SELECT date_format(event_date, 'EEEE') AS day_of_week, COUNT(*) AS count FROM unum_askskan.events_delta_tb WHERE persona_name = 'Do Not Use' AND event_date >= '2023-04-01' AND event_date <= '2023-04-30' GROUP BY day_of_week ORDER BY count DESC LIMIT 1"
"1011","event","Analytical","which day of the week has the highest events  for this TEST persona","no","SELECT date_format(event_date, 'EEEE') AS day_of_week, COUNT(*) AS count FROM unum_askskan.events_delta_tb WHERE persona_name = 'TEST' AND event_date >= '2023-04-01' AND event_date <= '2023-04-30' GROUP BY day_of_week ORDER BY count DESC LIMIT 1"
"1012","event","Analytical","which day of the week has the least events  for this LES persona","no","SELECT date_format(event_date, 'EEEE') AS day_of_week, COUNT(*) AS count FROM unum_askskan.events_delta_tb WHERE persona_name = 'LES' AND event_date >= '2023-04-01' AND event_date <= '2023-04-30' GROUP BY day_of_week ORDER BY count ASC LIMIT 1"
"1013","event","Analytical","which day of the week has the least events  for this CES persona","no","SELECT date_format(event_date, 'EEEE') AS day_of_week, COUNT(*) AS count FROM unum_askskan.events_delta_tb WHERE persona_name = 'CES' AND event_date >= '2023-04-01' AND event_date <= '2023-04-30' GROUP BY day_of_week ORDER BY count ASC LIMIT 1"
"1014","event","Analytical","which day of the week has the least events  for this Do Not Use persona","no","SELECT date_format(event_date, 'EEEE') AS day_of_week, COUNT(*) AS count FROM unum_askskan.events_delta_tb WHERE persona_name = 'Do Not Use' AND event_date >= '2023-04-01' AND event_date <= '2023-04-30' GROUP BY day_of_week ORDER BY count ASC LIMIT 1"
"1015","event","Analytical","which day of the week has the least events  for this TEST persona","no","SELECT date_format(event_date, 'EEEE') AS day_of_week, COUNT(*) AS count FROM unum_askskan.events_delta_tb WHERE persona_name = 'TEST' AND event_date >= '2023-04-01' AND event_date <= '2023-04-30' GROUP BY day_of_week ORDER BY count ASC LIMIT 1"
"1016","event","Analytical","what is the average numbers of events in a day for this LES persona","no","SELECT COUNT(event_id)/COUNT(DISTINCT event_date) AS avg_events_per_day FROM unum_askskan.events_delta_tb WHERE persona_name = 'LES' AND event_date >= '2023-04-01' AND event_date <= '2023-04-30' LIMIT 1"
"1017","event","Analytical","what is the average numbers of events in a day for this CES persona","no","SELECT COUNT(event_id)/COUNT(DISTINCT event_date) AS avg_events_per_day FROM unum_askskan.events_delta_tb WHERE persona_name = 'CES' AND event_date >= '2023-04-01' AND event_date <= '2023-04-30' LIMIT 1"
"1018","event","Analytical","what is the average numbers of events in a day for this Do Not Use persona","no","SELECT COUNT(event_id)/COUNT(DISTINCT event_date) AS avg_events_per_day FROM unum_askskan.events_delta_tb WHERE persona_name = 'Do Not Use' AND event_date >= '2023-04-01' AND event_date <= '2023-04-30' LIMIT 1"
"1019","event","Analytical","what is the average numbers of events in a day for this TEST persona","no","SELECT COUNT(event_id)/COUNT(DISTINCT event_date) AS avg_events_per_day FROM unum_askskan.events_delta_tb WHERE persona_name = 'TEST' AND event_date >= '2023-04-01' AND event_date <= '2023-04-30' LIMIT 1"
"1020","application","Analytical","What is the total time spent on process applications for this LES persona","no","SELECT SUM(tat_event) AS total_time FROM unum_askskan.events_delta_tb WHERE agent_type != 0 AND persona_name = 'LES' AND event_date >= '2023-04-01' AND event_date <= '2023-04-30' LIMIT 1"
"1021","application","Analytical","What is the total time spent on process applications for this CES persona","no","SELECT SUM(tat_event) AS total_time FROM unum_askskan.events_delta_tb WHERE agent_type != 0 AND persona_name = 'CES' AND event_date >= '2023-04-01' AND event_date <= '2023-04-30' LIMIT 1"
"1022","application","Analytical","What is the total time spent on process applications for this Do Not Use persona","no","SELECT SUM(tat_event) AS total_time FROM unum_askskan.events_delta_tb WHERE agent_type != 0 AND persona_name = 'Do Not Use' AND event_date >= '2023-04-01' AND event_date <= '2023-04-30' LIMIT 1"
"1023","application","Analytical","What is the total time spent on process applications for this TEST persona","no","SELECT SUM(tat_event) AS total_time FROM unum_askskan.events_delta_tb WHERE agent_type != 0 AND persona_name = 'TEST' AND event_date >= '2023-04-01' AND event_date <= '2023-04-30' LIMIT 1"
"1024","application","Analytical","What is the total time spent on non process applications for this LES persona","no","SELECT SUM(tat_event) AS total_time FROM unum_askskan.events_delta_tb WHERE agent_type = 0 AND persona_name = 'LES' AND event_date >= '2023-04-01' AND event_date <= '2023-04-30' LIMIT 1"
"1025","application","Analytical","What is the total time spent on non process applications for this CES persona","no","SELECT SUM(tat_event) AS total_time FROM unum_askskan.events_delta_tb WHERE agent_type = 0 AND persona_name = 'CES' AND event_date >= '2023-04-01' AND event_date <= '2023-04-30' LIMIT 1"
"1026","application","Analytical","What is the total time spent on non process applications for this Do Not Use persona","no","SELECT SUM(tat_event) AS total_time FROM unum_askskan.events_delta_tb WHERE agent_type = 0 AND persona_name = 'Do Not Use' AND             event_date >= '2023-04-01' AND event_date <= '2023-04-30' LIMIT 1"
"1027","application","Analytical","What is the total time spent on non process applications for this TEST persona","no","SELECT SUM(tat_event) AS total_time FROM unum_askskan.events_delta_tb WHERE agent_type = 0 AND persona_name = 'TEST' AND event_date >= '2023-04-01' AND event_date <= '2023-04-30' LIMIT 1"
"1028","application","Analytical","What is the average time spent in non process applications per day for this LES persona","no","SELECT SUM(tat_event)/COUNT(DISTINCT event_date) AS avg_time_per_day FROM unum_askskan.events_delta_tb WHERE agent_type=0 AND persona_name='LES' AND event_date>='2023-04-01' AND event_date<='2023-04-30' LIMIT 1"
"1029","application","Analytical","What is the average time spent in non process applications per day for this CES persona","no","SELECT SUM(tat_event)/COUNT(DISTINCT event_date) AS avg_time_per_day FROM unum_askskan.events_delta_tb WHERE agent_type = 0 AND persona_name = 'CES' AND event_date >= '2023-04-01' AND event_date <= '2023-04-30' LIMIT 1"
"1030","application","Analytical","What is the average time spent in non process applications per day for this Do Not Use persona","no","SELECT SUM(tat_event)/COUNT(DISTINCT event_date) AS avg_time_per_day FROM unum_askskan.events_delta_tb WHERE agent_type = 0 AND persona_name = 'Do Not Use' AND event_date >= '2023-04-01' AND event_date <= '2023-04-30' LIMIT 1"
"1031","application","Analytical","What is the average time spent in non process applications per day for this TEST persona","no","SELECT SUM(tat_event)/COUNT(DISTINCT event_date) AS avg_time_per_day FROM unum_askskan.events_delta_tb WHERE agent_type = 0 AND persona_name = 'TEST' AND event_date >= '2023-04-01' AND event_date <= '2023-04-30' LIMIT 1"
"1032","application","Analytical","What is the average time spent in process applications per day for this LES persona","no","SELECT SUM(tat_event)/COUNT(DISTINCT event_date) AS avg_time_per_day FROM unum_askskan.events_delta_tb WHERE agent_type!=0 AND persona_name='LES' AND event_date>='2023-04-01' AND event_date<='2023-04-30' LIMIT 1"
"1033","application","Analytical","What is the average time spent in process applications per day for this CES persona","no","SELECT SUM(tat_event)/COUNT(DISTINCT event_date) AS avg_time_per_day FROM unum_askskan.events_delta_tb WHERE agent_type != 0 AND persona_name = 'CES' AND event_date >= '2023-04-01' AND event_date <= '2023-04-30' LIMIT 1"
"1034","application","Analytical","What is the average time spent in process applications per day for this Do Not Use persona","no","SELECT SUM(tat_event)/COUNT(DISTINCT event_date) AS avg_time_per_day FROM unum_askskan.events_delta_tb WHERE agent_type!=0 AND persona_name='Do Not Use' AND event_date>='2023-04-01' AND event_date<='2023-04-30' LIMIT 1"
"1035","application","Analytical","What is the average time spent in process applications per day for this TEST persona","no","SELECT SUM(tat_event)/COUNT(DISTINCT event_date) AS avg_time_per_day FROM unum_askskan.events_delta_tb WHERE agent_type!=0 AND persona_name='TEST' AND event_date>='2023-04-01' AND event_date<='2023-04-30' LIMIT 1"
"1036","case","Analytical","What is the total cases in this LES persona","no","SELECT COUNT(DISTINCT case_id_value) AS total_cases FROM unum_askskan.events_delta_tb WHERE persona_name = 'LES' AND event_date >= '2023-04-01' AND event_date <= '2023-04-30' LIMIT 1"
"1037","case","Analytical","What is the total cases in this CES persona","no","SELECT COUNT(DISTINCT case_id_value) AS total_cases FROM unum_askskan.events_delta_tb WHERE persona_name = 'CES' AND event_date >= '2023-04-01' AND event_date <= '2023-04-30' LIMIT 1"
"1038","case","Analytical","What is the total cases in this Do Not Use persona","no","SELECT COUNT(DISTINCT case_id_value) AS total_cases FROM unum_askskan.events_delta_tb WHERE persona_name = 'Do Not Use' AND event_date >= '2023-04-01' AND event_date <= '2023-04-30' LIMIT 1"
"1039","case","Analytical","What is the total cases in this TEST persona","no","SELECT COUNT(DISTINCT case_id_value) AS total_cases FROM unum_askskan.events_delta_tb WHERE persona_name = 'TEST' AND event_date >= '2023-04-01' AND event_date <= '2023-04-30' LIMIT 1"
"1040","case","Analytical","What is the average case effort of this LES persona","no","SELECT SUM(tat_event)/COUNT(DISTINCT case_id_value) AS avg_case_effort FROM unum_askskan.events_delta_tb WHERE persona_name = 'LES' AND event_date >= '2023-04-01' AND event_date <= '2023-04-30' LIMIT 1"
"1041","case","Analytical","What is the average case effort of this CES persona","no","SELECT SUM(tat_event)/COUNT(DISTINCT case_id_value) AS case_effort FROM unum_askskan.events_delta_tb WHERE persona_name = 'CES' AND event_date >= '2023-04-01' AND event_date <= '2023-04-30' LIMIT 1"
"1042","case","Analytical","What is the average case effort of this Do Not Use persona","no","SELECT SUM(tat_event)/count(DISTINCT case_id_value) AS case_effort FROM unum_askskan.events_delta_tb WHERE persona_name = 'Do Not Use' AND event_date >= '2023-04-01' AND event_date <= '2023-04-30' LIMIT 1"
"1043","case","Analytical","What is the average case effort of this TEST persona","no","SELECT SUM(tat_event)/COUNT(DISTINCT case_id_value) AS case_effort FROM unum_askskan.events_delta_tb WHERE persona_name = 'TEST' AND event_date >= '2023-04-01' AND event_date <= '2023-04-30' LIMIT 1"
"1044","activity","Analytical","Which is the most common activity in this LES persona","no","SELECT activity_id, COUNT(*) AS count FROM unum_askskan.events_delta_tb WHERE persona_name = 'LES' AND event_date >= '2023-04-01' AND event_date <= '2023-04-30' GROUP BY activity_id ORDER BY count DESC LIMIT 1"
"1045","activity","Analytical","Which is the most common activity in this CES persona","no","SELECT activity_id, COUNT(*) AS count FROM unum_askskan.events_delta_tb WHERE persona_name = 'CES' AND event_date >= '2023-04-01' AND event_date <= '2023-04-30' GROUP BY activity_id ORDER BY count DESC LIMIT 1"
"1046","activity","Analytical","Which is the most common activity in this Do Not Use persona","no","SELECT activity_id, COUNT(*) AS count FROM unum_askskan.events_delta_tb WHERE persona_name = 'Do Not Use' AND event_date >= '2023-04-01' AND event_date <= '2023-04-30' GROUP BY activity_id ORDER BY count DESC LIMIT 1"
"1047","activity","Analytical","Which is the most common activity in this TEST persona","no","SELECT activity_id, COUNT(*) AS count FROM unum_askskan.events_delta_tb WHERE persona_name = 'TEST' AND event_date >= '2023-04-01' AND event_date <= '2023-04-30' GROUP BY activity_id ORDER BY count DESC LIMIT 1"
"1048","case","Analytical","What is the average cases per day worked on in this LES persona","no","SELECT COUNT(DISTINCT case_id_value)/COUNT(DISTINCT event_date) AS avg_cases_per_day FROM unum_askskan.events_delta_tb WHERE persona_name = 'LES' AND event_date >= '2023-04-01' AND event_date <= '2023-04-30' LIMIT 1"
"1049","case","Analytical","What is the average cases per day worked on in this CES persona","no","SELECT COUNT(DISTINCT case_id_value)/COUNT(DISTINCT event_date) AS avg_cases_per_day FROM unum_askskan.events_delta_tb WHERE persona_name = 'CES' AND event_date >= '2023-04-01' AND event_date <= '2023-04-30' LIMIT 1"
"1050","case","Analytical","What is the average cases per day worked on in this Do Not Use persona","no","SELECT COUNT(DISTINCT case_id_value)/COUNT(DISTINCT event_date) AS avg_cases_per_day FROM unum_askskan.events_delta_tb WHERE persona_name = 'Do Not Use' AND event_date >= '2023-04-01' AND event_date <= '2023-04-30' LIMIT 1"
"1051","case","Analytical","What is the average cases per day worked on in this TEST persona","no","SELECT COUNT(DISTINCT case_id_value)/COUNT(DISTINCT event_date) AS avg_cases_per_day FROM unum_askskan.events_delta_tb WHERE persona_name = 'TEST' AND event_date >= '2023-04-01' AND event_date <= '2023-04-30' LIMIT 1"
"1052","activity abstraction","Descriptive","Which is the most common activity abstraction in this LES persona","no","SELECT activity_abstraction_level_name, COUNT(*) AS count FROM unum_askskan.events_delta_tb WHERE persona_name = 'LES' AND event_date >= '2023-04-01' AND event_date <= '2023-04-30' GROUP BY activity_abstraction_level_name ORDER BY count DESC LIMIT 1"
"1053","activity abstraction","Descriptive","Which is the most common activity abstraction in this CES persona","no","SELECT activity_abstraction_level_name, COUNT(*) AS count FROM unum_askskan.events_delta_tb WHERE persona_name = 'CES' AND event_date >= '2023-04-01' AND event_date <= '2023-04-30' GROUP BY activity_abstraction_level_name ORDER BY count DESC LIMIT 1"
"1054","activity abstraction","Descriptive","Which is the most common activity abstraction in this Do Not Use persona","no","SELECT activity_abstraction_level_id, COUNT(*) AS count FROM unum_askskan.events_delta_tb WHERE persona_name = 'Do Not Use' AND event_date >= '2023-04-01' AND event_date <= '2023-04-30' GROUP BY activity_abstraction_level_id ORDER BY count DESC LIMIT 1"
"1055","activity abstraction","Descriptive","Which is the most common activity abstraction in this TEST persona","no","SELECT activity_abstraction_level_name, COUNT(*) AS count FROM unum_askskan.events_delta_tb WHERE persona_name = 'TEST' AND event_date >= '2023-04-01' AND event_date <= '2023-04-30' GROUP BY activity_abstraction_level_name ORDER BY count DESC LIMIT 1"
"1056","case","Analytical","What is the average cases switch for LES persona","no","SELECT SUM(CAST(case_switch AS INT))/count(DISTINCT event_date) AS avg_case_switch FROM unum_askskan.events_delta_tb WHERE persona_name = 'LES' AND event_date >= '2023-04-01' AND event_date <= '2023-04-30' LIMIT 1"
"1057","case","Analytical","What is the average cases switch for CES persona","no","SELECT SUM(CAST(case_switch AS INT))/count(DISTINCT event_date) AS avg_case_switch FROM unum_askskan.events_delta_tb WHERE persona_name = 'CES' AND event_date >= '2023-04-01' AND event_date <= '2023-04-30' LIMIT 1"
"1058","case","Analytical","What is the average cases switch for Do Not Use persona","no","SELECT SUM(CAST(case_switch AS INT))/count(DISTINCT event_date) AS avg_case_switch FROM unum_askskan.events_delta_tb WHERE persona_name == 'Do Not Use' AND event_date >= '2023-04-01' AND event_date <= '2023-04-30' LIMIT 1"
"1059","case","Analytical","What is the average cases switch for TEST persona","no","SELECT SUM(CAST(case_switch AS INT))/COUNT(DISTINCT event_date) AS avg_case_switch FROM unum_askskan.events_delta_tb WHERE persona_name = 'TEST' AND event_date >= '2023-04-01' AND event_date <= '2023-04-30' LIMIT 1"
"1060","application","Analytical","Is there any mainframe application in this LES persona","no","SELECT COUNT(*) FROM unum_askskan.events_delta_tb WHERE agent_type IN (10, 11) AND persona_name = 'LES' AND event_date >= '2023-04-01' AND event_date <= '2023-04-30' LIMIT 1"
"1061","application","Analytical","Is there any mainframe application in this CES persona","no","SELECT COUNT(*) AS count FROM unum_askskan.events_delta_tb WHERE agent_type IN (10,11) AND persona_name = 'CES' AND event_date >= '2023-04-01' AND event_date <= '2023-04-30' LIMIT 1"
"1062","application","Analytical","Is there any mainframe application in this Do Not Use persona","no","SELECT COUNT(*) AS count FROM unum_askskan.events_delta_tb WHERE agent_type IN (10, 11) AND persona_name == 'Do Not Use' AND event_date >= '2023-04-01' AND event_date <= '2023-04-30' LIMIT 1"
"1063","application","Analytical","Is there any mainframe application in this TEST persona","no","SELECT COUNT(*) AS count FROM unum_askskan.events_delta_tb WHERE agent_type IN (10, 11) AND persona_name = 'TEST' AND event_date >= '2023-04-01' AND event_date <= '2023-04-30' LIMIT 1"
"1064","event","Analytical","When is first  event for the day for this LES persona","no","SELECT time as first_event_time,COUNT(date) as cnt FROM(SELECT event_date as date,MIN(SUBSTRING(event_time,12,8)) as time FROM unum_askskan.events_delta_tb WHERE persona_name = 'LES' AND event_date >= '2023-04-01' AND event_date <='2023-04-30' GROUP BY date ORDER BY time) GROUP BY first_event_time ORDER BY cnt DESC LIMIT 1"
"1065","event","Analytical","When is first  event for the day for this CES persona","no","SELECT time as first_event_time,COUNT(date) as cnt FROM(SELECT event_date as date,MIN(SUBSTRING(event_time,12,8)) as time FROM unum_askskan.events_delta_tb WHERE persona_name = 'CES' AND event_date >= '2023-04-01' AND event_date <='2023-04-30' GROUP BY date ORDER BY time) GROUP BY tm ORDER BY cnt DESC LIMIT 1"
"1066","event","Analytical","When is first  event for the day for this Do Not Use persona","no","SELECT time as first_event_time,COUNT(date) as cnt FROM(SELECT event_date as date,MIN(SUBSTRING(event_time,12,8)) as time FROM unum_askskan.events_delta_tb WHERE persona_name = 'Do Not Use' AND event_date >= '2023-04-01' AND event_date <='2023-04-30' GROUP BY date ORDER BY time) GROUP BY first_event_time ORDER BY cnt DESC LIMIT 1"
"1067","event","Analytical","When is first  event for the day for this TEST persona","no","SELECT time as first_event_time,COUNT(date) as cnt FROM(SELECT event_date as date,MIN(SUBSTRING(event_time,12,8)) as time FROM unum_askskan.events_delta_tb WHERE persona_name = 'TEST' AND event_date >= '2023-04-01' AND event_date <='2023-04-30' GROUP BY date ORDER BY time) GROUP BY first_event_time ORDER BY cnt DESC LIMIT 1"
"1068","event","Analytical","When is last  event for the day for this LES persona","no","SELECT time as last_event_time,COUNT(date) as cnt FROM(SELECT event_date as date,MAX(SUBSTRING(event_time,12,8)) as time FROM unum_askskan.events_delta_tb WHERE persona_name = 'LES' AND event_date >= '2023-04-01' AND event_date <='2023-04-30' GROUP BY date ORDER BY time) GROUP BY last_event_time ORDER BY cnt DESC LIMIT 1"
"1069","event","Analytical","When is last  event for the day for this CES persona","no","SELECT time as last_event_time,COUNT(date) as cnt FROM(SELECT event_date as date,MAX(SUBSTRING(event_time,12,8)) as time FROM unum_askskan.events_delta_tb WHERE persona_name = 'CES' AND event_date >= '2023-04-01' AND event_date <='2023-04-30' GROUP BY date ORDER BY time) GROUP BY last_event_time ORDER BY cnt DESC LIMIT 1"
"1070","event","Analytical","When is last  event for the day for this Do Not Use persona","no","SELECT time as last_event_time,COUNT(date) as cnt FROM(SELECT event_date as date,MAX(SUBSTRING(event_time,12,8)) as time FROM unum_askskan.events_delta_tb WHERE persona_name == 'Do Not Use' AND event_date >= '2023-04-01' AND event_date <='2023-04-30' GROUP BY date ORDER BY time) GROUP BY last_event_time ORDER BY cnt DESC LIMIT 1"
"1071","event","Analytical","When is last  event for the day for this TEST persona","no","SELECT time AS last_event_time, COUNT(date) AS cnt FROM (SELECT event_date AS date, MAX(SUBSTRING(event_time,12,8)) AS time FROM unum_askskan.events_delta_tb WHERE persona_name = 'TEST' AND event_date >= '2023-04-01' AND event_date <= '2023-04-30' GROUP BY date ORDER BY time) GROUP BY last_event_time ORDER BY cnt DESC LIMIT 1"
"1072","case","Insightful","How many cases are we likely to close this week in this LES persona","yes","not_evaluated"
"1073","case","Insightful","How many cases are we likely to close this week in this CES persona","yes","not_evaluated"
"1074","case","Insightful","How many cases are we likely to close this week in this Do Not Use persona","yes","not_evaluated"
"1075","case","Insightful","How many cases are we likely to close this week in this TEST persona","yes","not_evaluated"
"1076","case","Insightful","Which participant will work on the highest count of case this week for this LES persona","yes","not_evaluated"
"1077","case","Insightful","Which participant will work on the highest count of case this week for this CES persona","yes","not_evaluated"
"1078","case","Insightful","Which participant will work on the highest count of case this week for this Do Not Use persona","yes","not_evaluated"
"1079","case","Insightful","Which participant will work on the highest count of case this week for this TEST persona","yes","not_evaluated"
"1080","user","Analytical","what is the average count of users on leave for this LES persona","no","SELECT SUM(30-active_days)/30 AS avg_user_on_leave FROM (SELECT participant_name as participant,COUNT(DISTINCT event_date) AS active_days FROM unum_askskan.events_delta_tb WHERE persona_name = 'LES' AND event_date >= '2023-04-01' AND event_date <= '2023-04-30' GROUP BY participant ORDER BY active_days) LIMIT 1"
"1081","user","Analytical","what is the average count of users on leave for this CES persona","no","SELECT SUM(30-active_days)/30 AS avg_user_on_leave FROM (SELECT participant_name as participant,COUNT(DISTINCT event_date) AS active_days FROM unum_askskan.events_delta_tb WHERE persona_name = 'CES' AND event_date >= '2023-04-01' AND event_date <= '2023-04-30' GROUP BY participant ORDER BY active_days) LIMIT 1"
"1082","user","Analytical","what is the average count of users on leave for this Do Not Use persona","no","SELECT SUM(30-active_days)/30 AS avg_user_on_leave FROM (SELECT participant_name as participant,COUNT(DISTINCT event_date) AS active_days FROM unum_askskan.events_delta_tb WHERE persona_name== 'Do Not Use' AND event_date >= '2023-04-01' AND event_date <= '2023-04-30' GROUP BY participant ORDER BY active_days) LIMIT 1"
"1083","user","Analytical","what is the average count of users on leave for this TEST persona","no","SELECT SUM(30-active_days)/30 AS avg_user_on_leave FROM (SELECT participant_name as participant,COUNT(DISTINCT event_date) AS active_days FROM unum_askskan.events_delta_tb WHERE persona_name = 'TEST' AND event_date >= '2023-04-01' AND event_date <= '2023-04-30' GROUP BY participant ORDER BY active_days) LIMIT 1"
"1084","participant","Descriptive","Which hour of the day for this participant CAAJE most productive","no","SELECT SUBSTRING(event_time,12,2) as hour, SUM(active_time) as productive_time FROM unum_askskan.events_delta_tb WHERE participant_name = 'CAAJE' AND event_date >= '2023-04-01' AND event_date <= '2023-04-30' GROUP BY hour ORDER BY productive_time DESC LIMIT 1"
"1085","participant","Descriptive","Which hour of the day for this participant BAB16 most productive","no","SELECT SUBSTRING(event_time, 12, 2) AS hour, SUM(active_time) AS productive_time FROM unum_askskan.events_delta_tb WHERE participant_name = 'BAB16' AND event_date >= '2023-04-01' AND event_date <= '2023-04-30' GROUP BY hour ORDER BY productive_time DESC LIMIT 1"
"1086","participant","Descriptive","Which hour of the day for this participant G8C19 most productive","no","SELECT SUBSTRING(event_time, 12, 2) AS hour, SUM(active_time) AS productive_time FROM unum_askskan.events_delta_tb WHERE participant_name = 'G8C19' AND event_date >= '2023-04-01' AND event_date <= '2023-04-30' GROUP BY hour ORDER BY productive_time DESC LIMIT 1"
"1087","participant","Descriptive","Which hour of the day for this participant GUP22 most productive","no","SELECT SUBSTRING(event_time,12,2) as hour, SUM(active_time) as productive_time FROM unum_askskan.events_delta_tb WHERE participant_name = 'GUP22' AND event_date >= '2023-04-01' AND event_date <= '2023-04-30' GROUP BY SUBSTRING(event_time,12,2) ORDER BY productive_time DESC LIMIT 1"
"1088","participant","Descriptive","Which hour of the day for this participant gig19 most productive","no","SELECT SUBSTRING(event_time, 12, 2) as hour, SUM(active_time) as total_active_time FROM unum_askskan.events_delta_tb WHERE participant_name = 'gig19' AND event_date >= '2023-04-01' AND event_date <= '2023-04-30' GROUP BY SUBSTRING(event_time, 12, 2) ORDER BY total_active_time DESC LIMIT 1"
"1089","participant","Descriptive","Which hour of the day for this participant BKA20 most productive","no","SELECT SUBSTRING(event_time, 12, 2) AS hour, SUM(active_time) AS total_active_time FROM unum_askskan.events_delta_tb WHERE participant_name = 'BKA20' AND event_date >= '2023-04-01' AND event_date <= '2023-04-30' GROUP BY hour ORDER BY total_active_time DESC LIMIT 1"
"1090","participant","Descriptive","Which hour of the day for this participant CAAJE least productive","no","SELECT SUBSTRING(event_time, 12, 2) AS hour, SUM(active_time) AS total_active_time FROM unum_askskan.events_delta_tb WHERE participant_name = 'CAAJE' AND event_date >= '2023-04-01' AND event_date <= '2023-04-30' GROUP BY hour ORDER BY total_active_time ASC LIMIT 1"
"1091","participant","Descriptive","Which hour of the day for this participant BAB16 least productive","no","SELECT SUBSTRING(event_time,12,2) AS hour, SUM(active_time) AS productivity FROM unum_askskan.events_delta_tb WHERE participant_name = 'BAB16' AND event_date >= '2023-04-01' AND event_date <= '2023-04-30' GROUP BY SUBSTRING(event_time,12,2) ORDER BY productivity ASC LIMIT 1"
"1092","participant","Descriptive","Which hour of the day for this participant G8C19 least productive","no","SELECT SUBSTRING(event_time, 12, 2) as hour, SUM(active_time) as productive_time FROM unum_askskan.events_delta_tb WHERE persona_name = 'G8C19' AND event_date >= '2023-04-01' AND event_date <= '2023-04-30' GROUP BY hour ORDER BY productive_time ASC LIMIT 1"
"1093","participant","Descriptive","Which hour of the day for this participant GUP22 least productive","no","SELECT SUBSTRING(event_time, 12, 2) AS hour, SUM(active_time) AS productive_time FROM unum_askskan.events_delta_tb WHERE participant_name = 'GUP22' AND event_date >= '2023-04-01' AND event_date <= '2023-04-30' GROUP BY hour ORDER BY productive_time ASC LIMIT 1"
"1094","participant","Descriptive","Which hour of the day for this participant gig19 least productive","no","SELECT SUBSTRING(event_time, 12, 2) AS hour, SUM(active_time) AS productivity FROM unum_askskan.events_delta_tb WHERE event_date >= '2023-04-01' AND event_date <= '2023-04-30' AND participant_name = 'gig19' GROUP BY hour ORDER BY productivity ASC LIMIT 1"
"1095","participant","Descriptive","Which hour of the day for this participant BKA20 least productive","no","SELECT SUBSTRING(event_time, 12, 2) as hour, SUM(active_time) as productive_time FROM unum_askskan.events_delta_tb WHERE participant_name = 'BKA20' AND event_date >= '2023-04-01' AND event_date <= '2023-04-30' GROUP BY hour ORDER BY productive_time ASC LIMIT 1"
"1096","participant","Descriptive","Which day of the week for this participant CAAJE least productive","no","SELECT DATE_FORMAT(event_date, 'EEEE') as day_of_week, SUM(active_time) as total_active_time FROM unum_askskan.events_delta_tb WHERE participant_name = 'CAAJE' AND event_date >= '2023-04-01' AND event_date <= '2023-04-30' GROUP BY day_of_week ORDER BY total_active_time ASC LIMIT 1"
"1097","participant","Descriptive","Which day of the week for this participant BAB16 least productive","no","SELECT DATE_FORMAT(event_date, 'EEEE') as day_of_week, SUM(active_time) as total_active_time FROM unum_askskan.events_delta_tb WHERE participant_name = 'BAB16' AND event_date >= '2023-04-01' AND event_date <= '2023-04-30' GROUP BY day_of_week ORDER BY total_active_time ASC LIMIT 1"
"1098","participant","Descriptive","Which day of the week for this participant G8C19 least productive","no","SELECT DATE_FORMAT(event_date, 'EEEE') as day_of_week, SUM(active_time) as total_active_time FROM unum_askskan.events_delta_tb WHERE participant_name = 'G8C19' AND event_date >= '2023-04-01' AND event_date <= '2023-04-30' GROUP BY day_of_week ORDER BY total_active_time ASC LIMIT 1"
"1099","participant","Descriptive","Which day of the week for this participant GUP22 least productive","no","SELECT DATE_FORMAT(event_date, 'EEEE') as day_of_week, SUM(active_time) as total_active_time FROM unum_askskan.events_delta_tb WHERE participant_name = 'GUP22' AND event_date >= '2023-04-01' AND event_date <= '2023-04-30' GROUP BY day_of_week ORDER BY total_active_time ASC LIMIT 1"
"1100","participant","Descriptive","Which day of the week for this participant gig19 least productive","no","SELECT DATE_FORMAT(event_date, 'EEEE') as day_of_week, SUM(active_time) as total_active_time FROM unum_askskan.events_delta_tb WHERE participant_name = 'gig19' AND event_date >= '2023-04-01' AND event_date <= '2023-04-30' GROUP BY day_of_week ORDER BY total_active_time ASC LIMIT 1"
"1101","participant","Descriptive","Which day of the week for this participant BKA20 least productive","no","SELECT DATE_FORMAT(event_date, 'EEEE') as day_of_week, SUM(active_time) as total_active_time FROM unum_askskan.events_delta_tb WHERE participant_name = 'BKA20' AND event_date >= '2023-04-01' AND event_date <= '2023-04-30' GROUP BY day_of_week ORDER BY total_active_time ASC LIMIT 1"
"1102","participant","Descriptive","Which day of the week for this participant CAAJE most productive","no","SELECT DATE_FORMAT(event_date, 'EEEE') AS day_of_week, SUM(active_time) AS total_active_time FROM unum_askskan.events_delta_tb WHERE persona_name = 'CAAJE' AND event_date >= '2023-04-01' AND event_date <= '2023-04-30' GROUP BY day_of_week ORDER BY total_active_time DESC LIMIT 1"
"1103","participant","Descriptive","Which day of the week for this participant BAB16 most productive","no","SELECT DATE_FORMAT(event_date, 'EEEE') AS day_of_week, SUM(active_time) AS total_active_time FROM unum_askskan.events_delta_tb WHERE participant_name = 'BAB16' AND event_date >= '2023-04-01' AND event_date <= '2023-04-30' GROUP BY day_of_week ORDER BY total_active_time DESC LIMIT 1"
"1104","participant","Descriptive","Which day of the week for this participant G8C19 most productive","no","SELECT DATE_FORMAT(event_date, 'EEEE') AS day_of_week, SUM(active_time) AS total_active_time FROM unum_askskan.events_delta_tb WHERE persona_name = 'G8C19' AND event_date >= '2023-04-01' AND event_date <= '2023-04-30' GROUP BY day_of_week ORDER BY total_active_time DESC LIMIT 1"
"1105","participant","Descriptive","Which day of the week for this participant GUP22 most productive","no","SELECT DATE_FORMAT(event_date, 'EEEE') AS day_of_week, SUM(active_time) AS total_active_time FROM unum_askskan.events_delta_tb WHERE persona_name = 'GUP22' AND event_date >= '2023-04-01' AND event_date <= '2023-04-30' GROUP BY day_of_week ORDER BY total_active_time DESC LIMIT 1"
"1106","participant","Descriptive","Which day of the week for this participant gig19 most productive","no","SELECT DATE_FORMAT(event_date, 'EEEE') AS day_of_week, SUM(active_time) AS total_active_time FROM unum_askskan.events_delta_tb WHERE persona_name = 'gig19' AND event_date >= '2023-04-01' AND event_date <= '2023-04-30' GROUP BY day_of_week ORDER BY total_active_time DESC LIMIT 1"
"1107","participant","Descriptive","Which day of the week for this participant BKA20 most productive","no","SELECT DATE_FORMAT(event_date, 'EEEE') AS day_of_week, SUM(active_time) AS total_active_time FROM unum_askskan.events_delta_tb WHERE persona_name = 'BKA20' AND event_date >= '2023-04-01' AND event_date <= '2023-04-30' GROUP BY day_of_week ORDER BY total_active_time DESC LIMIT 1"